category,receita_total,total_pedidos,ticket_medio
Furniture,5428811.04,1727,3143.492206
Technology,3199372.78,1514,2113.192061
"Office Supplies",2505450.09,3676,681.569665
