receita_total,total_pedidos,ano,ticket_medio
2136381.08,947,2015,2255.946230
2427276.10,1019,2016,2382.017763
3055370.86,1295,2017,2359.359737
3514605.87,1660,2018,2117.232452
